time,flow_1,flow_2,flow_3,flow_4,flow_5,flow_6,flow_7,flow_8,flow_9,flow_10,flow_11,flow_12,flow_13,flow_14,flow_15,flow_16,flow_17,flow_18,flow_19,flow_20
2022/5/1 1:00,0,0,0,0,0,0,0,0,0,0,0,0,0,0,0,0,0,0,0,0
2022/5/1 2:00,0,0,0,0,0,0,0,0,0,0,0,0,0,0,0,0,0,0,0,0
2022/5/1 3:00,0,0,0,0,0,0,0,0,0,0,0,0,0,0,0,0,0,0,0,0
2022/5/1 4:00,0,0,0,0,0,0,0,0,0,0,0,0,0,0,0,0,0,0,0,0
2022/5/1 5:00,0,0,0,0,0,0,0,0,0,0,0,0,0,0,0,0,0,0,0,0
2022/5/1 6:00,0,0,0,0,0,0,0,0,0,0,0,0,0,0,0,0,0,0,0,0
2022/5/1 7:00,0,0,0,0,0,0,0,0,0,0,0,0,0,0,0,0,0,0,0,0
2022/5/1 8:00,0,0,0,0,0,0,0,0,0,0,0,0,0,0,0,0,0,0,0,0
2022/5/1 9:00,0,0,0,0,0,0,0,0,0,0,0,0,0,0,0,0,0,0,0,0
2022/5/1 10:00,0,0,0,0,0,0,0,0,0,0,0,0,0,0,0,0,0,0,0,0
2022/5/1 11:00,0,0,0,0,0,0,0,0,0,0,0,0,0,0,0,0,0,0,0,0
2022/5/1 12:00,0,0,0,0,0,0,0,0,0,0,0,0,0,0,0,0,0,0,0,0
2022/5/1 13:00,0,0,0,0,0,0,0,0,0,0,0,0,0,0,0,0,0,0,0,0
2022/5/1 14:00,0,0,0,0,0,0,0,0,0,0,0,0,0,0,0,0,0,0,0,0
2022/5/1 15:00,0,0,0,0,0,0,0,0,0,0,0,0,0,0,0,0,0,0,0,0
2022/5/1 16:00,0,0,0,0,0,0,0,0,0,0,0,0,0,0,0,0,0,0,0,0
2022/5/1 17:00,0,0,0,0,0,0,0,0,0,0,0,0,0,0,0,0,0,0,0,0
2022/5/1 18:00,0,0,0,0,0,0,0,0,0,0,0,0,0,0,0,0,0,0,0,0
2022/5/1 19:00,0,0,0,0,0,0,0,0,0,0,0,0,0,0,0,0,0,0,0,0
2022/5/1 20:00,0,0,0,0,0,0,0,0,0,0,0,0,0,0,0,0,0,0,0,0
2022/5/1 21:00,0,0,0,0,0,0,0,0,0,0,0,0,0,0,0,0,0,0,0,0
2022/5/1 22:00,0,0,0,0,0,0,0,0,0,0,0,0,0,0,0,0,0,0,0,0
2022/5/1 23:00,0,0,0,0,0,0,0,0,0,0,0,0,0,0,0,0,0,0,0,0
2022/5/2 0:00,0,0,0,0,0,0,0,0,0,0,0,0,0,0,0,0,0,0,0,0
2022/5/2 1:00,0,0,0,0,0,0,0,0,0,0,0,0,0,0,0,0,0,0,0,0
2022/5/2 2:00,0,0,0,0,0,0,0,0,0,0,0,0,0,0,0,0,0,0,0,0
2022/5/2 3:00,0,0,0,0,0,0,0,0,0,0,0,0,0,0,0,0,0,0,0,0
2022/5/2 4:00,0,0,0,0,0,0,0,0,0,0,0,0,0,0,0,0,0,0,0,0
2022/5/2 5:00,0,0,0,0,0,0,0,0,0,0,0,0,0,0,0,0,0,0,0,0
2022/5/2 6:00,0,0,0,0,0,0,0,0,0,0,0,0,0,0,0,0,0,0,0,0
2022/5/2 7:00,0,0,0,0,0,0,0,0,0,0,0,0,0,0,0,0,0,0,0,0
2022/5/2 8:00,0,0,0,0,0,0,0,0,0,0,0,0,0,0,0,0,0,0,0,0
2022/5/2 9:00,0,0,0,0,0,0,0,0,0,0,0,0,0,0,0,0,0,0,0,0
2022/5/2 10:00,0,0,0,0,0,0,0,0,0,0,0,0,0,0,0,0,0,0,0,0
2022/5/2 11:00,0,0,0,0,0,0,0,0,0,0,0,0,0,0,0,0,0,0,0,0
2022/5/2 12:00,0,0,0,0,0,0,0,0,0,0,0,0,0,0,0,0,0,0,0,0
2022/5/2 13:00,0,0,0,0,0,0,0,0,0,0,0,0,0,0,0,0,0,0,0,0
2022/5/2 14:00,0,0,0,0,0,0,0,0,0,0,0,0,0,0,0,0,0,0,0,0
2022/5/2 15:00,0,0,0,0,0,0,0,0,0,0,0,0,0,0,0,0,0,0,0,0
2022/5/2 16:00,0,0,0,0,0,0,0,0,0,0,0,0,0,0,0,0,0,0,0,0
2022/5/2 17:00,0,0,0,0,0,0,0,0,0,0,0,0,0,0,0,0,0,0,0,0
2022/5/2 18:00,0,0,0,0,0,0,0,0,0,0,0,0,0,0,0,0,0,0,0,0
2022/5/2 19:00,0,0,0,0,0,0,0,0,0,0,0,0,0,0,0,0,0,0,0,0
2022/5/2 20:00,0,0,0,0,0,0,0,0,0,0,0,0,0,0,0,0,0,0,0,0
2022/5/2 21:00,0,0,0,0,0,0,0,0,0,0,0,0,0,0,0,0,0,0,0,0
2022/5/2 22:00,0,0,0,0,0,0,0,0,0,0,0,0,0,0,0,0,0,0,0,0
2022/5/2 23:00,0,0,0,0,0,0,0,0,0,0,0,0,0,0,0,0,0,0,0,0
2022/5/3 0:00,0,0,0,0,0,0,0,0,0,0,0,0,0,0,0,0,0,0,0,0
2022/5/3 1:00,0,0,0,0,0,0,0,0,0,0,0,0,0,0,0,0,0,0,0,0
2022/5/3 2:00,0,0,0,0,0,0,0,0,0,0,0,0,0,0,0,0,0,0,0,0
2022/5/3 3:00,0,0,0,0,0,0,0,0,0,0,0,0,0,0,0,0,0,0,0,0
2022/5/3 4:00,0,0,0,0,0,0,0,0,0,0,0,0,0,0,0,0,0,0,0,0
2022/5/3 5:00,0,0,0,0,0,0,0,0,0,0,0,0,0,0,0,0,0,0,0,0
2022/5/3 6:00,0,0,0,0,0,0,0,0,0,0,0,0,0,0,0,0,0,0,0,0
2022/5/3 7:00,0,0,0,0,0,0,0,0,0,0,0,0,0,0,0,0,0,0,0,0
2022/5/3 8:00,0,0,0,0,0,0,0,0,0,0,0,0,0,0,0,0,0,0,0,0
2022/5/3 9:00,0,0,0,0,0,0,0,0,0,0,0,0,0,0,0,0,0,0,0,0
2022/5/3 10:00,0,0,0,0,0,0,0,0,0,0,0,0,0,0,0,0,0,0,0,0
2022/5/3 11:00,0,0,0,0,0,0,0,0,0,0,0,0,0,0,0,0,0,0,0,0
2022/5/3 12:00,0,0,0,0,0,0,0,0,0,0,0,0,0,0,0,0,0,0,0,0
2022/5/3 13:00,0,0,0,0,0,0,0,0,0,0,0,0,0,0,0,0,0,0,0,0
2022/5/3 14:00,0,0,0,0,0,0,0,0,0,0,0,0,0,0,0,0,0,0,0,0
2022/5/3 15:00,0,0,0,0,0,0,0,0,0,0,0,0,0,0,0,0,0,0,0,0
2022/5/3 16:00,0,0,0,0,0,0,0,0,0,0,0,0,0,0,0,0,0,0,0,0
2022/5/3 17:00,0,0,0,0,0,0,0,0,0,0,0,0,0,0,0,0,0,0,0,0
2022/5/3 18:00,0,0,0,0,0,0,0,0,0,0,0,0,0,0,0,0,0,0,0,0
2022/5/3 19:00,0,0,0,0,0,0,0,0,0,0,0,0,0,0,0,0,0,0,0,0
2022/5/3 20:00,0,0,0,0,0,0,0,0,0,0,0,0,0,0,0,0,0,0,0,0
2022/5/3 21:00,0,0,0,0,0,0,0,0,0,0,0,0,0,0,0,0,0,0,0,0
2022/5/3 22:00,0,0,0,0,0,0,0,0,0,0,0,0,0,0,0,0,0,0,0,0
2022/5/3 23:00,0,0,0,0,0,0,0,0,0,0,0,0,0,0,0,0,0,0,0,0
2022/5/4 0:00,0,0,0,0,0,0,0,0,0,0,0,0,0,0,0,0,0,0,0,0
2022/5/4 1:00,0,0,0,0,0,0,0,0,0,0,0,0,0,0,0,0,0,0,0,0
2022/5/4 2:00,0,0,0,0,0,0,0,0,0,0,0,0,0,0,0,0,0,0,0,0
2022/5/4 3:00,0,0,0,0,0,0,0,0,0,0,0,0,0,0,0,0,0,0,0,0
2022/5/4 4:00,0,0,0,0,0,0,0,0,0,0,0,0,0,0,0,0,0,0,0,0
2022/5/4 5:00,0,0,0,0,0,0,0,0,0,0,0,0,0,0,0,0,0,0,0,0
2022/5/4 6:00,0,0,0,0,0,0,0,0,0,0,0,0,0,0,0,0,0,0,0,0
2022/5/4 7:00,0,0,0,0,0,0,0,0,0,0,0,0,0,0,0,0,0,0,0,0
2022/5/4 8:00,0,0,0,0,0,0,0,0,0,0,0,0,0,0,0,0,0,0,0,0
2022/5/4 9:00,0,0,0,0,0,0,0,0,0,0,0,0,0,0,0,0,0,0,0,0
2022/5/4 10:00,0,0,0,0,0,0,0,0,0,0,0,0,0,0,0,0,0,0,0,0
2022/5/4 11:00,0,0,0,0,0,0,0,0,0,0,0,0,0,0,0,0,0,0,0,0
2022/5/4 12:00,0,0,0,0,0,0,0,0,0,0,0,0,0,0,0,0,0,0,0,0
2022/5/4 13:00,0,0,0,0,0,0,0,0,0,0,0,0,0,0,0,0,0,0,0,0
2022/5/4 14:00,0,0,0,0,0,0,0,0,0,0,0,0,0,0,0,0,0,0,0,0
2022/5/4 15:00,0,0,0,0,0,0,0,0,0,0,0,0,0,0,0,0,0,0,0,0
2022/5/4 16:00,0,0,0,0,0,0,0,0,0,0,0,0,0,0,0,0,0,0,0,0
2022/5/4 17:00,0,0,0,0,0,0,0,0,0,0,0,0,0,0,0,0,0,0,0,0
2022/5/4 18:00,0,0,0,0,0,0,0,0,0,0,0,0,0,0,0,0,0,0,0,0
2022/5/4 19:00,0,0,0,0,0,0,0,0,0,0,0,0,0,0,0,0,0,0,0,0
2022/5/4 20:00,0,0,0,0,0,0,0,0,0,0,0,0,0,0,0,0,0,0,0,0
2022/5/4 21:00,0,0,0,0,0,0,0,0,0,0,0,0,0,0,0,0,0,0,0,0
2022/5/4 22:00,0,0,0,0,0,0,0,0,0,0,0,0,0,0,0,0,0,0,0,0
2022/5/4 23:00,0,0,0,0,0,0,0,0,0,0,0,0,0,0,0,0,0,0,0,0
2022/5/5 0:00,0,0,0,0,0,0,0,0,0,0,0,0,0,0,0,0,0,0,0,0
2022/5/5 1:00,0,0,0,0,0,0,0,0,0,0,0,0,0,0,0,0,0,0,0,0
2022/5/5 2:00,0,0,0,0,0,0,0,0,0,0,0,0,0,0,0,0,0,0,0,0
2022/5/5 3:00,0,0,0,0,0,0,0,0,0,0,0,0,0,0,0,0,0,0,0,0
2022/5/5 4:00,0,0,0,0,0,0,0,0,0,0,0,0,0,0,0,0,0,0,0,0
2022/5/5 5:00,0,0,0,0,0,0,0,0,0,0,0,0,0,0,0,0,0,0,0,0
2022/5/5 6:00,0,0,0,0,0,0,0,0,0,0,0,0,0,0,0,0,0,0,0,0
2022/5/5 7:00,0,0,0,0,0,0,0,0,0,0,0,0,0,0,0,0,0,0,0,0
2022/5/5 8:00,0,0,0,0,0,0,0,0,0,0,0,0,0,0,0,0,0,0,0,0
2022/5/5 9:00,0,0,0,0,0,0,0,0,0,0,0,0,0,0,0,0,0,0,0,0
2022/5/5 10:00,0,0,0,0,0,0,0,0,0,0,0,0,0,0,0,0,0,0,0,0
2022/5/5 11:00,0,0,0,0,0,0,0,0,0,0,0,0,0,0,0,0,0,0,0,0
2022/5/5 12:00,0,0,0,0,0,0,0,0,0,0,0,0,0,0,0,0,0,0,0,0
2022/5/5 13:00,0,0,0,0,0,0,0,0,0,0,0,0,0,0,0,0,0,0,0,0
2022/5/5 14:00,0,0,0,0,0,0,0,0,0,0,0,0,0,0,0,0,0,0,0,0
2022/5/5 15:00,0,0,0,0,0,0,0,0,0,0,0,0,0,0,0,0,0,0,0,0
2022/5/5 16:00,0,0,0,0,0,0,0,0,0,0,0,0,0,0,0,0,0,0,0,0
2022/5/5 17:00,0,0,0,0,0,0,0,0,0,0,0,0,0,0,0,0,0,0,0,0
2022/5/5 18:00,0,0,0,0,0,0,0,0,0,0,0,0,0,0,0,0,0,0,0,0
2022/5/5 19:00,0,0,0,0,0,0,0,0,0,0,0,0,0,0,0,0,0,0,0,0
2022/5/5 20:00,0,0,0,0,0,0,0,0,0,0,0,0,0,0,0,0,0,0,0,0
2022/5/5 21:00,0,0,0,0,0,0,0,0,0,0,0,0,0,0,0,0,0,0,0,0
2022/5/5 22:00,0,0,0,0,0,0,0,0,0,0,0,0,0,0,0,0,0,0,0,0
2022/5/5 23:00,0,0,0,0,0,0,0,0,0,0,0,0,0,0,0,0,0,0,0,0
2022/5/6 0:00,0,0,0,0,0,0,0,0,0,0,0,0,0,0,0,0,0,0,0,0
2022/5/6 1:00,0,0,0,0,0,0,0,0,0,0,0,0,0,0,0,0,0,0,0,0
2022/5/6 2:00,0,0,0,0,0,0,0,0,0,0,0,0,0,0,0,0,0,0,0,0
2022/5/6 3:00,0,0,0,0,0,0,0,0,0,0,0,0,0,0,0,0,0,0,0,0
2022/5/6 4:00,0,0,0,0,0,0,0,0,0,0,0,0,0,0,0,0,0,0,0,0
2022/5/6 5:00,0,0,0,0,0,0,0,0,0,0,0,0,0,0,0,0,0,0,0,0
2022/5/6 6:00,0,0,0,0,0,0,0,0,0,0,0,0,0,0,0,0,0,0,0,0
2022/5/6 7:00,0,0,0,0,0,0,0,0,0,0,0,0,0,0,0,0,0,0,0,0
2022/5/6 8:00,0,0,0,0,0,0,0,0,0,0,0,0,0,0,0,0,0,0,0,0
2022/5/6 9:00,0,0,0,0,0,0,0,0,0,0,0,0,0,0,0,0,0,0,0,0
2022/5/6 10:00,0,0,0,0,0,0,0,0,0,0,0,0,0,0,0,0,0,0,0,0
2022/5/6 11:00,0,0,0,0,0,0,0,0,0,0,0,0,0,0,0,0,0,0,0,0
2022/5/6 12:00,0,0,0,0,0,0,0,0,0,0,0,0,0,0,0,0,0,0,0,0
2022/5/6 13:00,0,0,0,0,0,0,0,0,0,0,0,0,0,0,0,0,0,0,0,0
2022/5/6 14:00,0,0,0,0,0,0,0,0,0,0,0,0,0,0,0,0,0,0,0,0
2022/5/6 15:00,0,0,0,0,0,0,0,0,0,0,0,0,0,0,0,0,0,0,0,0
2022/5/6 16:00,0,0,0,0,0,0,0,0,0,0,0,0,0,0,0,0,0,0,0,0
2022/5/6 17:00,0,0,0,0,0,0,0,0,0,0,0,0,0,0,0,0,0,0,0,0
2022/5/6 18:00,0,0,0,0,0,0,0,0,0,0,0,0,0,0,0,0,0,0,0,0
2022/5/6 19:00,0,0,0,0,0,0,0,0,0,0,0,0,0,0,0,0,0,0,0,0
2022/5/6 20:00,0,0,0,0,0,0,0,0,0,0,0,0,0,0,0,0,0,0,0,0
2022/5/6 21:00,0,0,0,0,0,0,0,0,0,0,0,0,0,0,0,0,0,0,0,0
2022/5/6 22:00,0,0,0,0,0,0,0,0,0,0,0,0,0,0,0,0,0,0,0,0
2022/5/6 23:00,0,0,0,0,0,0,0,0,0,0,0,0,0,0,0,0,0,0,0,0
2022/5/7 0:00,0,0,0,0,0,0,0,0,0,0,0,0,0,0,0,0,0,0,0,0
2022/5/7 1:00,0,0,0,0,0,0,0,0,0,0,0,0,0,0,0,0,0,0,0,0
2022/5/7 2:00,0,0,0,0,0,0,0,0,0,0,0,0,0,0,0,0,0,0,0,0
2022/5/7 3:00,0,0,0,0,0,0,0,0,0,0,0,0,0,0,0,0,0,0,0,0
2022/5/7 4:00,0,0,0,0,0,0,0,0,0,0,0,0,0,0,0,0,0,0,0,0
2022/5/7 5:00,0,0,0,0,0,0,0,0,0,0,0,0,0,0,0,0,0,0,0,0
2022/5/7 6:00,0,0,0,0,0,0,0,0,0,0,0,0,0,0,0,0,0,0,0,0
2022/5/7 7:00,0,0,0,0,0,0,0,0,0,0,0,0,0,0,0,0,0,0,0,0
2022/5/7 8:00,0,0,0,0,0,0,0,0,0,0,0,0,0,0,0,0,0,0,0,0
2022/5/7 9:00,0,0,0,0,0,0,0,0,0,0,0,0,0,0,0,0,0,0,0,0
2022/5/7 10:00,0,0,0,0,0,0,0,0,0,0,0,0,0,0,0,0,0,0,0,0
2022/5/7 11:00,0,0,0,0,0,0,0,0,0,0,0,0,0,0,0,0,0,0,0,0
2022/5/7 12:00,0,0,0,0,0,0,0,0,0,0,0,0,0,0,0,0,0,0,0,0
2022/5/7 13:00,0,0,0,0,0,0,0,0,0,0,0,0,0,0,0,0,0,0,0,0
2022/5/7 14:00,0,0,0,0,0,0,0,0,0,0,0,0,0,0,0,0,0,0,0,0
2022/5/7 15:00,0,0,0,0,0,0,0,0,0,0,0,0,0,0,0,0,0,0,0,0
2022/5/7 16:00,0,0,0,0,0,0,0,0,0,0,0,0,0,0,0,0,0,0,0,0
2022/5/7 17:00,0,0,0,0,0,0,0,0,0,0,0,0,0,0,0,0,0,0,0,0
2022/5/7 18:00,0,0,0,0,0,0,0,0,0,0,0,0,0,0,0,0,0,0,0,0
2022/5/7 19:00,0,0,0,0,0,0,0,0,0,0,0,0,0,0,0,0,0,0,0,0
2022/5/7 20:00,0,0,0,0,0,0,0,0,0,0,0,0,0,0,0,0,0,0,0,0
2022/5/7 21:00,0,0,0,0,0,0,0,0,0,0,0,0,0,0,0,0,0,0,0,0
2022/5/7 22:00,0,0,0,0,0,0,0,0,0,0,0,0,0,0,0,0,0,0,0,0
2022/5/7 23:00,0,0,0,0,0,0,0,0,0,0,0,0,0,0,0,0,0,0,0,0
2022/5/8 0:00,0,0,0,0,0,0,0,0,0,0,0,0,0,0,0,0,0,0,0,0
2022/6/1 1:00,0,0,0,0,0,0,0,0,0,0,0,0,0,0,0,0,0,0,0,0
2022/6/1 2:00,0,0,0,0,0,0,0,0,0,0,0,0,0,0,0,0,0,0,0,0
2022/6/1 3:00,0,0,0,0,0,0,0,0,0,0,0,0,0,0,0,0,0,0,0,0
2022/6/1 4:00,0,0,0,0,0,0,0,0,0,0,0,0,0,0,0,0,0,0,0,0
2022/6/1 5:00,0,0,0,0,0,0,0,0,0,0,0,0,0,0,0,0,0,0,0,0
2022/6/1 6:00,0,0,0,0,0,0,0,0,0,0,0,0,0,0,0,0,0,0,0,0
2022/6/1 7:00,0,0,0,0,0,0,0,0,0,0,0,0,0,0,0,0,0,0,0,0
2022/6/1 8:00,0,0,0,0,0,0,0,0,0,0,0,0,0,0,0,0,0,0,0,0
2022/6/1 9:00,0,0,0,0,0,0,0,0,0,0,0,0,0,0,0,0,0,0,0,0
2022/6/1 10:00,0,0,0,0,0,0,0,0,0,0,0,0,0,0,0,0,0,0,0,0
2022/6/1 11:00,0,0,0,0,0,0,0,0,0,0,0,0,0,0,0,0,0,0,0,0
2022/6/1 12:00,0,0,0,0,0,0,0,0,0,0,0,0,0,0,0,0,0,0,0,0
2022/6/1 13:00,0,0,0,0,0,0,0,0,0,0,0,0,0,0,0,0,0,0,0,0
2022/6/1 14:00,0,0,0,0,0,0,0,0,0,0,0,0,0,0,0,0,0,0,0,0
2022/6/1 15:00,0,0,0,0,0,0,0,0,0,0,0,0,0,0,0,0,0,0,0,0
2022/6/1 16:00,0,0,0,0,0,0,0,0,0,0,0,0,0,0,0,0,0,0,0,0
2022/6/1 17:00,0,0,0,0,0,0,0,0,0,0,0,0,0,0,0,0,0,0,0,0
2022/6/1 18:00,0,0,0,0,0,0,0,0,0,0,0,0,0,0,0,0,0,0,0,0
2022/6/1 19:00,0,0,0,0,0,0,0,0,0,0,0,0,0,0,0,0,0,0,0,0
2022/6/1 20:00,0,0,0,0,0,0,0,0,0,0,0,0,0,0,0,0,0,0,0,0
2022/6/1 21:00,0,0,0,0,0,0,0,0,0,0,0,0,0,0,0,0,0,0,0,0
2022/6/1 22:00,0,0,0,0,0,0,0,0,0,0,0,0,0,0,0,0,0,0,0,0
2022/6/1 23:00,0,0,0,0,0,0,0,0,0,0,0,0,0,0,0,0,0,0,0,0
2022/6/2 0:00,0,0,0,0,0,0,0,0,0,0,0,0,0,0,0,0,0,0,0,0
2022/6/2 1:00,0,0,0,0,0,0,0,0,0,0,0,0,0,0,0,0,0,0,0,0
2022/6/2 2:00,0,0,0,0,0,0,0,0,0,0,0,0,0,0,0,0,0,0,0,0
2022/6/2 3:00,0,0,0,0,0,0,0,0,0,0,0,0,0,0,0,0,0,0,0,0
2022/6/2 4:00,0,0,0,0,0,0,0,0,0,0,0,0,0,0,0,0,0,0,0,0
2022/6/2 5:00,0,0,0,0,0,0,0,0,0,0,0,0,0,0,0,0,0,0,0,0
2022/6/2 6:00,0,0,0,0,0,0,0,0,0,0,0,0,0,0,0,0,0,0,0,0
2022/6/2 7:00,0,0,0,0,0,0,0,0,0,0,0,0,0,0,0,0,0,0,0,0
2022/6/2 8:00,0,0,0,0,0,0,0,0,0,0,0,0,0,0,0,0,0,0,0,0
2022/6/2 9:00,0,0,0,0,0,0,0,0,0,0,0,0,0,0,0,0,0,0,0,0
2022/6/2 10:00,0,0,0,0,0,0,0,0,0,0,0,0,0,0,0,0,0,0,0,0
2022/6/2 11:00,0,0,0,0,0,0,0,0,0,0,0,0,0,0,0,0,0,0,0,0
2022/6/2 12:00,0,0,0,0,0,0,0,0,0,0,0,0,0,0,0,0,0,0,0,0
2022/6/2 13:00,0,0,0,0,0,0,0,0,0,0,0,0,0,0,0,0,0,0,0,0
2022/6/2 14:00,0,0,0,0,0,0,0,0,0,0,0,0,0,0,0,0,0,0,0,0
2022/6/2 15:00,0,0,0,0,0,0,0,0,0,0,0,0,0,0,0,0,0,0,0,0
2022/6/2 16:00,0,0,0,0,0,0,0,0,0,0,0,0,0,0,0,0,0,0,0,0
2022/6/2 17:00,0,0,0,0,0,0,0,0,0,0,0,0,0,0,0,0,0,0,0,0
2022/6/2 18:00,0,0,0,0,0,0,0,0,0,0,0,0,0,0,0,0,0,0,0,0
2022/6/2 19:00,0,0,0,0,0,0,0,0,0,0,0,0,0,0,0,0,0,0,0,0
2022/6/2 20:00,0,0,0,0,0,0,0,0,0,0,0,0,0,0,0,0,0,0,0,0
2022/6/2 21:00,0,0,0,0,0,0,0,0,0,0,0,0,0,0,0,0,0,0,0,0
2022/6/2 22:00,0,0,0,0,0,0,0,0,0,0,0,0,0,0,0,0,0,0,0,0
2022/6/2 23:00,0,0,0,0,0,0,0,0,0,0,0,0,0,0,0,0,0,0,0,0
2022/6/3 0:00,0,0,0,0,0,0,0,0,0,0,0,0,0,0,0,0,0,0,0,0
2022/6/3 1:00,0,0,0,0,0,0,0,0,0,0,0,0,0,0,0,0,0,0,0,0
2022/6/3 2:00,0,0,0,0,0,0,0,0,0,0,0,0,0,0,0,0,0,0,0,0
2022/6/3 3:00,0,0,0,0,0,0,0,0,0,0,0,0,0,0,0,0,0,0,0,0
2022/6/3 4:00,0,0,0,0,0,0,0,0,0,0,0,0,0,0,0,0,0,0,0,0
2022/6/3 5:00,0,0,0,0,0,0,0,0,0,0,0,0,0,0,0,0,0,0,0,0
2022/6/3 6:00,0,0,0,0,0,0,0,0,0,0,0,0,0,0,0,0,0,0,0,0
2022/6/3 7:00,0,0,0,0,0,0,0,0,0,0,0,0,0,0,0,0,0,0,0,0
2022/6/3 8:00,0,0,0,0,0,0,0,0,0,0,0,0,0,0,0,0,0,0,0,0
2022/6/3 9:00,0,0,0,0,0,0,0,0,0,0,0,0,0,0,0,0,0,0,0,0
2022/6/3 10:00,0,0,0,0,0,0,0,0,0,0,0,0,0,0,0,0,0,0,0,0
2022/6/3 11:00,0,0,0,0,0,0,0,0,0,0,0,0,0,0,0,0,0,0,0,0
2022/6/3 12:00,0,0,0,0,0,0,0,0,0,0,0,0,0,0,0,0,0,0,0,0
2022/6/3 13:00,0,0,0,0,0,0,0,0,0,0,0,0,0,0,0,0,0,0,0,0
2022/6/3 14:00,0,0,0,0,0,0,0,0,0,0,0,0,0,0,0,0,0,0,0,0
2022/6/3 15:00,0,0,0,0,0,0,0,0,0,0,0,0,0,0,0,0,0,0,0,0
2022/6/3 16:00,0,0,0,0,0,0,0,0,0,0,0,0,0,0,0,0,0,0,0,0
2022/6/3 17:00,0,0,0,0,0,0,0,0,0,0,0,0,0,0,0,0,0,0,0,0
2022/6/3 18:00,0,0,0,0,0,0,0,0,0,0,0,0,0,0,0,0,0,0,0,0
2022/6/3 19:00,0,0,0,0,0,0,0,0,0,0,0,0,0,0,0,0,0,0,0,0
2022/6/3 20:00,0,0,0,0,0,0,0,0,0,0,0,0,0,0,0,0,0,0,0,0
2022/6/3 21:00,0,0,0,0,0,0,0,0,0,0,0,0,0,0,0,0,0,0,0,0
2022/6/3 22:00,0,0,0,0,0,0,0,0,0,0,0,0,0,0,0,0,0,0,0,0
2022/6/3 23:00,0,0,0,0,0,0,0,0,0,0,0,0,0,0,0,0,0,0,0,0
2022/6/4 0:00,0,0,0,0,0,0,0,0,0,0,0,0,0,0,0,0,0,0,0,0
2022/6/4 1:00,0,0,0,0,0,0,0,0,0,0,0,0,0,0,0,0,0,0,0,0
2022/6/4 2:00,0,0,0,0,0,0,0,0,0,0,0,0,0,0,0,0,0,0,0,0
2022/6/4 3:00,0,0,0,0,0,0,0,0,0,0,0,0,0,0,0,0,0,0,0,0
2022/6/4 4:00,0,0,0,0,0,0,0,0,0,0,0,0,0,0,0,0,0,0,0,0
2022/6/4 5:00,0,0,0,0,0,0,0,0,0,0,0,0,0,0,0,0,0,0,0,0
2022/6/4 6:00,0,0,0,0,0,0,0,0,0,0,0,0,0,0,0,0,0,0,0,0
2022/6/4 7:00,0,0,0,0,0,0,0,0,0,0,0,0,0,0,0,0,0,0,0,0
2022/6/4 8:00,0,0,0,0,0,0,0,0,0,0,0,0,0,0,0,0,0,0,0,0
2022/6/4 9:00,0,0,0,0,0,0,0,0,0,0,0,0,0,0,0,0,0,0,0,0
2022/6/4 10:00,0,0,0,0,0,0,0,0,0,0,0,0,0,0,0,0,0,0,0,0
2022/6/4 11:00,0,0,0,0,0,0,0,0,0,0,0,0,0,0,0,0,0,0,0,0
2022/6/4 12:00,0,0,0,0,0,0,0,0,0,0,0,0,0,0,0,0,0,0,0,0
2022/6/4 13:00,0,0,0,0,0,0,0,0,0,0,0,0,0,0,0,0,0,0,0,0
2022/6/4 14:00,0,0,0,0,0,0,0,0,0,0,0,0,0,0,0,0,0,0,0,0
2022/6/4 15:00,0,0,0,0,0,0,0,0,0,0,0,0,0,0,0,0,0,0,0,0
2022/6/4 16:00,0,0,0,0,0,0,0,0,0,0,0,0,0,0,0,0,0,0,0,0
2022/6/4 17:00,0,0,0,0,0,0,0,0,0,0,0,0,0,0,0,0,0,0,0,0
2022/6/4 18:00,0,0,0,0,0,0,0,0,0,0,0,0,0,0,0,0,0,0,0,0
2022/6/4 19:00,0,0,0,0,0,0,0,0,0,0,0,0,0,0,0,0,0,0,0,0
2022/6/4 20:00,0,0,0,0,0,0,0,0,0,0,0,0,0,0,0,0,0,0,0,0
2022/6/4 21:00,0,0,0,0,0,0,0,0,0,0,0,0,0,0,0,0,0,0,0,0
2022/6/4 22:00,0,0,0,0,0,0,0,0,0,0,0,0,0,0,0,0,0,0,0,0
2022/6/4 23:00,0,0,0,0,0,0,0,0,0,0,0,0,0,0,0,0,0,0,0,0
2022/6/5 0:00,0,0,0,0,0,0,0,0,0,0,0,0,0,0,0,0,0,0,0,0
2022/6/5 1:00,0,0,0,0,0,0,0,0,0,0,0,0,0,0,0,0,0,0,0,0
2022/6/5 2:00,0,0,0,0,0,0,0,0,0,0,0,0,0,0,0,0,0,0,0,0
2022/6/5 3:00,0,0,0,0,0,0,0,0,0,0,0,0,0,0,0,0,0,0,0,0
2022/6/5 4:00,0,0,0,0,0,0,0,0,0,0,0,0,0,0,0,0,0,0,0,0
2022/6/5 5:00,0,0,0,0,0,0,0,0,0,0,0,0,0,0,0,0,0,0,0,0
2022/6/5 6:00,0,0,0,0,0,0,0,0,0,0,0,0,0,0,0,0,0,0,0,0
2022/6/5 7:00,0,0,0,0,0,0,0,0,0,0,0,0,0,0,0,0,0,0,0,0
2022/6/5 8:00,0,0,0,0,0,0,0,0,0,0,0,0,0,0,0,0,0,0,0,0
2022/6/5 9:00,0,0,0,0,0,0,0,0,0,0,0,0,0,0,0,0,0,0,0,0
2022/6/5 10:00,0,0,0,0,0,0,0,0,0,0,0,0,0,0,0,0,0,0,0,0
2022/6/5 11:00,0,0,0,0,0,0,0,0,0,0,0,0,0,0,0,0,0,0,0,0
2022/6/5 12:00,0,0,0,0,0,0,0,0,0,0,0,0,0,0,0,0,0,0,0,0
2022/6/5 13:00,0,0,0,0,0,0,0,0,0,0,0,0,0,0,0,0,0,0,0,0
2022/6/5 14:00,0,0,0,0,0,0,0,0,0,0,0,0,0,0,0,0,0,0,0,0
2022/6/5 15:00,0,0,0,0,0,0,0,0,0,0,0,0,0,0,0,0,0,0,0,0
2022/6/5 16:00,0,0,0,0,0,0,0,0,0,0,0,0,0,0,0,0,0,0,0,0
2022/6/5 17:00,0,0,0,0,0,0,0,0,0,0,0,0,0,0,0,0,0,0,0,0
2022/6/5 18:00,0,0,0,0,0,0,0,0,0,0,0,0,0,0,0,0,0,0,0,0
2022/6/5 19:00,0,0,0,0,0,0,0,0,0,0,0,0,0,0,0,0,0,0,0,0
2022/6/5 20:00,0,0,0,0,0,0,0,0,0,0,0,0,0,0,0,0,0,0,0,0
2022/6/5 21:00,0,0,0,0,0,0,0,0,0,0,0,0,0,0,0,0,0,0,0,0
2022/6/5 22:00,0,0,0,0,0,0,0,0,0,0,0,0,0,0,0,0,0,0,0,0
2022/6/5 23:00,0,0,0,0,0,0,0,0,0,0,0,0,0,0,0,0,0,0,0,0
2022/6/6 0:00,0,0,0,0,0,0,0,0,0,0,0,0,0,0,0,0,0,0,0,0
2022/6/6 1:00,0,0,0,0,0,0,0,0,0,0,0,0,0,0,0,0,0,0,0,0
2022/6/6 2:00,0,0,0,0,0,0,0,0,0,0,0,0,0,0,0,0,0,0,0,0
2022/6/6 3:00,0,0,0,0,0,0,0,0,0,0,0,0,0,0,0,0,0,0,0,0
2022/6/6 4:00,0,0,0,0,0,0,0,0,0,0,0,0,0,0,0,0,0,0,0,0
2022/6/6 5:00,0,0,0,0,0,0,0,0,0,0,0,0,0,0,0,0,0,0,0,0
2022/6/6 6:00,0,0,0,0,0,0,0,0,0,0,0,0,0,0,0,0,0,0,0,0
2022/6/6 7:00,0,0,0,0,0,0,0,0,0,0,0,0,0,0,0,0,0,0,0,0
2022/6/6 8:00,0,0,0,0,0,0,0,0,0,0,0,0,0,0,0,0,0,0,0,0
2022/6/6 9:00,0,0,0,0,0,0,0,0,0,0,0,0,0,0,0,0,0,0,0,0
2022/6/6 10:00,0,0,0,0,0,0,0,0,0,0,0,0,0,0,0,0,0,0,0,0
2022/6/6 11:00,0,0,0,0,0,0,0,0,0,0,0,0,0,0,0,0,0,0,0,0
2022/6/6 12:00,0,0,0,0,0,0,0,0,0,0,0,0,0,0,0,0,0,0,0,0
2022/6/6 13:00,0,0,0,0,0,0,0,0,0,0,0,0,0,0,0,0,0,0,0,0
2022/6/6 14:00,0,0,0,0,0,0,0,0,0,0,0,0,0,0,0,0,0,0,0,0
2022/6/6 15:00,0,0,0,0,0,0,0,0,0,0,0,0,0,0,0,0,0,0,0,0
2022/6/6 16:00,0,0,0,0,0,0,0,0,0,0,0,0,0,0,0,0,0,0,0,0
2022/6/6 17:00,0,0,0,0,0,0,0,0,0,0,0,0,0,0,0,0,0,0,0,0
2022/6/6 18:00,0,0,0,0,0,0,0,0,0,0,0,0,0,0,0,0,0,0,0,0
2022/6/6 19:00,0,0,0,0,0,0,0,0,0,0,0,0,0,0,0,0,0,0,0,0
2022/6/6 20:00,0,0,0,0,0,0,0,0,0,0,0,0,0,0,0,0,0,0,0,0
2022/6/6 21:00,0,0,0,0,0,0,0,0,0,0,0,0,0,0,0,0,0,0,0,0
2022/6/6 22:00,0,0,0,0,0,0,0,0,0,0,0,0,0,0,0,0,0,0,0,0
2022/6/6 23:00,0,0,0,0,0,0,0,0,0,0,0,0,0,0,0,0,0,0,0,0
2022/6/7 0:00,0,0,0,0,0,0,0,0,0,0,0,0,0,0,0,0,0,0,0,0
2022/6/7 1:00,0,0,0,0,0,0,0,0,0,0,0,0,0,0,0,0,0,0,0,0
2022/6/7 2:00,0,0,0,0,0,0,0,0,0,0,0,0,0,0,0,0,0,0,0,0
2022/6/7 3:00,0,0,0,0,0,0,0,0,0,0,0,0,0,0,0,0,0,0,0,0
2022/6/7 4:00,0,0,0,0,0,0,0,0,0,0,0,0,0,0,0,0,0,0,0,0
2022/6/7 5:00,0,0,0,0,0,0,0,0,0,0,0,0,0,0,0,0,0,0,0,0
2022/6/7 6:00,0,0,0,0,0,0,0,0,0,0,0,0,0,0,0,0,0,0,0,0
2022/6/7 7:00,0,0,0,0,0,0,0,0,0,0,0,0,0,0,0,0,0,0,0,0
2022/6/7 8:00,0,0,0,0,0,0,0,0,0,0,0,0,0,0,0,0,0,0,0,0
2022/6/7 9:00,0,0,0,0,0,0,0,0,0,0,0,0,0,0,0,0,0,0,0,0
2022/6/7 10:00,0,0,0,0,0,0,0,0,0,0,0,0,0,0,0,0,0,0,0,0
2022/6/7 11:00,0,0,0,0,0,0,0,0,0,0,0,0,0,0,0,0,0,0,0,0
2022/6/7 12:00,0,0,0,0,0,0,0,0,0,0,0,0,0,0,0,0,0,0,0,0
2022/6/7 13:00,0,0,0,0,0,0,0,0,0,0,0,0,0,0,0,0,0,0,0,0
2022/6/7 14:00,0,0,0,0,0,0,0,0,0,0,0,0,0,0,0,0,0,0,0,0
2022/6/7 15:00,0,0,0,0,0,0,0,0,0,0,0,0,0,0,0,0,0,0,0,0
2022/6/7 16:00,0,0,0,0,0,0,0,0,0,0,0,0,0,0,0,0,0,0,0,0
2022/6/7 17:00,0,0,0,0,0,0,0,0,0,0,0,0,0,0,0,0,0,0,0,0
2022/6/7 18:00,0,0,0,0,0,0,0,0,0,0,0,0,0,0,0,0,0,0,0,0
2022/6/7 19:00,0,0,0,0,0,0,0,0,0,0,0,0,0,0,0,0,0,0,0,0
2022/6/7 20:00,0,0,0,0,0,0,0,0,0,0,0,0,0,0,0,0,0,0,0,0
2022/6/7 21:00,0,0,0,0,0,0,0,0,0,0,0,0,0,0,0,0,0,0,0,0
2022/6/7 22:00,0,0,0,0,0,0,0,0,0,0,0,0,0,0,0,0,0,0,0,0
2022/6/7 23:00,0,0,0,0,0,0,0,0,0,0,0,0,0,0,0,0,0,0,0,0
2022/6/8 0:00,0,0,0,0,0,0,0,0,0,0,0,0,0,0,0,0,0,0,0,0
2022/7/21 1:00,0,0,0,0,0,0,0,0,0,0,0,0,0,0,0,0,0,0,0,0
2022/7/21 2:00,0,0,0,0,0,0,0,0,0,0,0,0,0,0,0,0,0,0,0,0
2022/7/21 3:00,0,0,0,0,0,0,0,0,0,0,0,0,0,0,0,0,0,0,0,0
2022/7/21 4:00,0,0,0,0,0,0,0,0,0,0,0,0,0,0,0,0,0,0,0,0
2022/7/21 5:00,0,0,0,0,0,0,0,0,0,0,0,0,0,0,0,0,0,0,0,0
2022/7/21 6:00,0,0,0,0,0,0,0,0,0,0,0,0,0,0,0,0,0,0,0,0
2022/7/21 7:00,0,0,0,0,0,0,0,0,0,0,0,0,0,0,0,0,0,0,0,0
2022/7/21 8:00,0,0,0,0,0,0,0,0,0,0,0,0,0,0,0,0,0,0,0,0
2022/7/21 9:00,0,0,0,0,0,0,0,0,0,0,0,0,0,0,0,0,0,0,0,0
2022/7/21 10:00,0,0,0,0,0,0,0,0,0,0,0,0,0,0,0,0,0,0,0,0
2022/7/21 11:00,0,0,0,0,0,0,0,0,0,0,0,0,0,0,0,0,0,0,0,0
2022/7/21 12:00,0,0,0,0,0,0,0,0,0,0,0,0,0,0,0,0,0,0,0,0
2022/7/21 13:00,0,0,0,0,0,0,0,0,0,0,0,0,0,0,0,0,0,0,0,0
2022/7/21 14:00,0,0,0,0,0,0,0,0,0,0,0,0,0,0,0,0,0,0,0,0
2022/7/21 15:00,0,0,0,0,0,0,0,0,0,0,0,0,0,0,0,0,0,0,0,0
2022/7/21 16:00,0,0,0,0,0,0,0,0,0,0,0,0,0,0,0,0,0,0,0,0
2022/7/21 17:00,0,0,0,0,0,0,0,0,0,0,0,0,0,0,0,0,0,0,0,0
2022/7/21 18:00,0,0,0,0,0,0,0,0,0,0,0,0,0,0,0,0,0,0,0,0
2022/7/21 19:00,0,0,0,0,0,0,0,0,0,0,0,0,0,0,0,0,0,0,0,0
2022/7/21 20:00,0,0,0,0,0,0,0,0,0,0,0,0,0,0,0,0,0,0,0,0
2022/7/21 21:00,0,0,0,0,0,0,0,0,0,0,0,0,0,0,0,0,0,0,0,0
2022/7/21 22:00,0,0,0,0,0,0,0,0,0,0,0,0,0,0,0,0,0,0,0,0
2022/7/21 23:00,0,0,0,0,0,0,0,0,0,0,0,0,0,0,0,0,0,0,0,0
2022/7/22 0:00,0,0,0,0,0,0,0,0,0,0,0,0,0,0,0,0,0,0,0,0
2022/7/22 1:00,0,0,0,0,0,0,0,0,0,0,0,0,0,0,0,0,0,0,0,0
2022/7/22 2:00,0,0,0,0,0,0,0,0,0,0,0,0,0,0,0,0,0,0,0,0
2022/7/22 3:00,0,0,0,0,0,0,0,0,0,0,0,0,0,0,0,0,0,0,0,0
2022/7/22 4:00,0,0,0,0,0,0,0,0,0,0,0,0,0,0,0,0,0,0,0,0
2022/7/22 5:00,0,0,0,0,0,0,0,0,0,0,0,0,0,0,0,0,0,0,0,0
2022/7/22 6:00,0,0,0,0,0,0,0,0,0,0,0,0,0,0,0,0,0,0,0,0
2022/7/22 7:00,0,0,0,0,0,0,0,0,0,0,0,0,0,0,0,0,0,0,0,0
2022/7/22 8:00,0,0,0,0,0,0,0,0,0,0,0,0,0,0,0,0,0,0,0,0
2022/7/22 9:00,0,0,0,0,0,0,0,0,0,0,0,0,0,0,0,0,0,0,0,0
2022/7/22 10:00,0,0,0,0,0,0,0,0,0,0,0,0,0,0,0,0,0,0,0,0
2022/7/22 11:00,0,0,0,0,0,0,0,0,0,0,0,0,0,0,0,0,0,0,0,0
2022/7/22 12:00,0,0,0,0,0,0,0,0,0,0,0,0,0,0,0,0,0,0,0,0
2022/7/22 13:00,0,0,0,0,0,0,0,0,0,0,0,0,0,0,0,0,0,0,0,0
2022/7/22 14:00,0,0,0,0,0,0,0,0,0,0,0,0,0,0,0,0,0,0,0,0
2022/7/22 15:00,0,0,0,0,0,0,0,0,0,0,0,0,0,0,0,0,0,0,0,0
2022/7/22 16:00,0,0,0,0,0,0,0,0,0,0,0,0,0,0,0,0,0,0,0,0
2022/7/22 17:00,0,0,0,0,0,0,0,0,0,0,0,0,0,0,0,0,0,0,0,0
2022/7/22 18:00,0,0,0,0,0,0,0,0,0,0,0,0,0,0,0,0,0,0,0,0
2022/7/22 19:00,0,0,0,0,0,0,0,0,0,0,0,0,0,0,0,0,0,0,0,0
2022/7/22 20:00,0,0,0,0,0,0,0,0,0,0,0,0,0,0,0,0,0,0,0,0
2022/7/22 21:00,0,0,0,0,0,0,0,0,0,0,0,0,0,0,0,0,0,0,0,0
2022/7/22 22:00,0,0,0,0,0,0,0,0,0,0,0,0,0,0,0,0,0,0,0,0
2022/7/22 23:00,0,0,0,0,0,0,0,0,0,0,0,0,0,0,0,0,0,0,0,0
2022/7/23 0:00,0,0,0,0,0,0,0,0,0,0,0,0,0,0,0,0,0,0,0,0
2022/7/23 1:00,0,0,0,0,0,0,0,0,0,0,0,0,0,0,0,0,0,0,0,0
2022/7/23 2:00,0,0,0,0,0,0,0,0,0,0,0,0,0,0,0,0,0,0,0,0
2022/7/23 3:00,0,0,0,0,0,0,0,0,0,0,0,0,0,0,0,0,0,0,0,0
2022/7/23 4:00,0,0,0,0,0,0,0,0,0,0,0,0,0,0,0,0,0,0,0,0
2022/7/23 5:00,0,0,0,0,0,0,0,0,0,0,0,0,0,0,0,0,0,0,0,0
2022/7/23 6:00,0,0,0,0,0,0,0,0,0,0,0,0,0,0,0,0,0,0,0,0
2022/7/23 7:00,0,0,0,0,0,0,0,0,0,0,0,0,0,0,0,0,0,0,0,0
2022/7/23 8:00,0,0,0,0,0,0,0,0,0,0,0,0,0,0,0,0,0,0,0,0
2022/7/23 9:00,0,0,0,0,0,0,0,0,0,0,0,0,0,0,0,0,0,0,0,0
2022/7/23 10:00,0,0,0,0,0,0,0,0,0,0,0,0,0,0,0,0,0,0,0,0
2022/7/23 11:00,0,0,0,0,0,0,0,0,0,0,0,0,0,0,0,0,0,0,0,0
2022/7/23 12:00,0,0,0,0,0,0,0,0,0,0,0,0,0,0,0,0,0,0,0,0
2022/7/23 13:00,0,0,0,0,0,0,0,0,0,0,0,0,0,0,0,0,0,0,0,0
2022/7/23 14:00,0,0,0,0,0,0,0,0,0,0,0,0,0,0,0,0,0,0,0,0
2022/7/23 15:00,0,0,0,0,0,0,0,0,0,0,0,0,0,0,0,0,0,0,0,0
2022/7/23 16:00,0,0,0,0,0,0,0,0,0,0,0,0,0,0,0,0,0,0,0,0
2022/7/23 17:00,0,0,0,0,0,0,0,0,0,0,0,0,0,0,0,0,0,0,0,0
2022/7/23 18:00,0,0,0,0,0,0,0,0,0,0,0,0,0,0,0,0,0,0,0,0
2022/7/23 19:00,0,0,0,0,0,0,0,0,0,0,0,0,0,0,0,0,0,0,0,0
2022/7/23 20:00,0,0,0,0,0,0,0,0,0,0,0,0,0,0,0,0,0,0,0,0
2022/7/23 21:00,0,0,0,0,0,0,0,0,0,0,0,0,0,0,0,0,0,0,0,0
2022/7/23 22:00,0,0,0,0,0,0,0,0,0,0,0,0,0,0,0,0,0,0,0,0
2022/7/23 23:00,0,0,0,0,0,0,0,0,0,0,0,0,0,0,0,0,0,0,0,0
2022/7/24 0:00,0,0,0,0,0,0,0,0,0,0,0,0,0,0,0,0,0,0,0,0
2022/7/24 1:00,0,0,0,0,0,0,0,0,0,0,0,0,0,0,0,0,0,0,0,0
2022/7/24 2:00,0,0,0,0,0,0,0,0,0,0,0,0,0,0,0,0,0,0,0,0
2022/7/24 3:00,0,0,0,0,0,0,0,0,0,0,0,0,0,0,0,0,0,0,0,0
2022/7/24 4:00,0,0,0,0,0,0,0,0,0,0,0,0,0,0,0,0,0,0,0,0
2022/7/24 5:00,0,0,0,0,0,0,0,0,0,0,0,0,0,0,0,0,0,0,0,0
2022/7/24 6:00,0,0,0,0,0,0,0,0,0,0,0,0,0,0,0,0,0,0,0,0
2022/7/24 7:00,0,0,0,0,0,0,0,0,0,0,0,0,0,0,0,0,0,0,0,0
2022/7/24 8:00,0,0,0,0,0,0,0,0,0,0,0,0,0,0,0,0,0,0,0,0
2022/7/24 9:00,0,0,0,0,0,0,0,0,0,0,0,0,0,0,0,0,0,0,0,0
2022/7/24 10:00,0,0,0,0,0,0,0,0,0,0,0,0,0,0,0,0,0,0,0,0
2022/7/24 11:00,0,0,0,0,0,0,0,0,0,0,0,0,0,0,0,0,0,0,0,0
2022/7/24 12:00,0,0,0,0,0,0,0,0,0,0,0,0,0,0,0,0,0,0,0,0
2022/7/24 13:00,0,0,0,0,0,0,0,0,0,0,0,0,0,0,0,0,0,0,0,0
2022/7/24 14:00,0,0,0,0,0,0,0,0,0,0,0,0,0,0,0,0,0,0,0,0
2022/7/24 15:00,0,0,0,0,0,0,0,0,0,0,0,0,0,0,0,0,0,0,0,0
2022/7/24 16:00,0,0,0,0,0,0,0,0,0,0,0,0,0,0,0,0,0,0,0,0
2022/7/24 17:00,0,0,0,0,0,0,0,0,0,0,0,0,0,0,0,0,0,0,0,0
2022/7/24 18:00,0,0,0,0,0,0,0,0,0,0,0,0,0,0,0,0,0,0,0,0
2022/7/24 19:00,0,0,0,0,0,0,0,0,0,0,0,0,0,0,0,0,0,0,0,0
2022/7/24 20:00,0,0,0,0,0,0,0,0,0,0,0,0,0,0,0,0,0,0,0,0
2022/7/24 21:00,0,0,0,0,0,0,0,0,0,0,0,0,0,0,0,0,0,0,0,0
2022/7/24 22:00,0,0,0,0,0,0,0,0,0,0,0,0,0,0,0,0,0,0,0,0
2022/7/24 23:00,0,0,0,0,0,0,0,0,0,0,0,0,0,0,0,0,0,0,0,0
2022/7/25 0:00,0,0,0,0,0,0,0,0,0,0,0,0,0,0,0,0,0,0,0,0
2022/7/25 1:00,0,0,0,0,0,0,0,0,0,0,0,0,0,0,0,0,0,0,0,0
2022/7/25 2:00,0,0,0,0,0,0,0,0,0,0,0,0,0,0,0,0,0,0,0,0
2022/7/25 3:00,0,0,0,0,0,0,0,0,0,0,0,0,0,0,0,0,0,0,0,0
2022/7/25 4:00,0,0,0,0,0,0,0,0,0,0,0,0,0,0,0,0,0,0,0,0
2022/7/25 5:00,0,0,0,0,0,0,0,0,0,0,0,0,0,0,0,0,0,0,0,0
2022/7/25 6:00,0,0,0,0,0,0,0,0,0,0,0,0,0,0,0,0,0,0,0,0
2022/7/25 7:00,0,0,0,0,0,0,0,0,0,0,0,0,0,0,0,0,0,0,0,0
2022/7/25 8:00,0,0,0,0,0,0,0,0,0,0,0,0,0,0,0,0,0,0,0,0
2022/7/25 9:00,0,0,0,0,0,0,0,0,0,0,0,0,0,0,0,0,0,0,0,0
2022/7/25 10:00,0,0,0,0,0,0,0,0,0,0,0,0,0,0,0,0,0,0,0,0
2022/7/25 11:00,0,0,0,0,0,0,0,0,0,0,0,0,0,0,0,0,0,0,0,0
2022/7/25 12:00,0,0,0,0,0,0,0,0,0,0,0,0,0,0,0,0,0,0,0,0
2022/7/25 13:00,0,0,0,0,0,0,0,0,0,0,0,0,0,0,0,0,0,0,0,0
2022/7/25 14:00,0,0,0,0,0,0,0,0,0,0,0,0,0,0,0,0,0,0,0,0
2022/7/25 15:00,0,0,0,0,0,0,0,0,0,0,0,0,0,0,0,0,0,0,0,0
2022/7/25 16:00,0,0,0,0,0,0,0,0,0,0,0,0,0,0,0,0,0,0,0,0
2022/7/25 17:00,0,0,0,0,0,0,0,0,0,0,0,0,0,0,0,0,0,0,0,0
2022/7/25 18:00,0,0,0,0,0,0,0,0,0,0,0,0,0,0,0,0,0,0,0,0
2022/7/25 19:00,0,0,0,0,0,0,0,0,0,0,0,0,0,0,0,0,0,0,0,0
2022/7/25 20:00,0,0,0,0,0,0,0,0,0,0,0,0,0,0,0,0,0,0,0,0
2022/7/25 21:00,0,0,0,0,0,0,0,0,0,0,0,0,0,0,0,0,0,0,0,0
2022/7/25 22:00,0,0,0,0,0,0,0,0,0,0,0,0,0,0,0,0,0,0,0,0
2022/7/25 23:00,0,0,0,0,0,0,0,0,0,0,0,0,0,0,0,0,0,0,0,0
2022/7/26 0:00,0,0,0,0,0,0,0,0,0,0,0,0,0,0,0,0,0,0,0,0
2022/7/26 1:00,0,0,0,0,0,0,0,0,0,0,0,0,0,0,0,0,0,0,0,0
2022/7/26 2:00,0,0,0,0,0,0,0,0,0,0,0,0,0,0,0,0,0,0,0,0
2022/7/26 3:00,0,0,0,0,0,0,0,0,0,0,0,0,0,0,0,0,0,0,0,0
2022/7/26 4:00,0,0,0,0,0,0,0,0,0,0,0,0,0,0,0,0,0,0,0,0
2022/7/26 5:00,0,0,0,0,0,0,0,0,0,0,0,0,0,0,0,0,0,0,0,0
2022/7/26 6:00,0,0,0,0,0,0,0,0,0,0,0,0,0,0,0,0,0,0,0,0
2022/7/26 7:00,0,0,0,0,0,0,0,0,0,0,0,0,0,0,0,0,0,0,0,0
2022/7/26 8:00,0,0,0,0,0,0,0,0,0,0,0,0,0,0,0,0,0,0,0,0
2022/7/26 9:00,0,0,0,0,0,0,0,0,0,0,0,0,0,0,0,0,0,0,0,0
2022/7/26 10:00,0,0,0,0,0,0,0,0,0,0,0,0,0,0,0,0,0,0,0,0
2022/7/26 11:00,0,0,0,0,0,0,0,0,0,0,0,0,0,0,0,0,0,0,0,0
2022/7/26 12:00,0,0,0,0,0,0,0,0,0,0,0,0,0,0,0,0,0,0,0,0
2022/7/26 13:00,0,0,0,0,0,0,0,0,0,0,0,0,0,0,0,0,0,0,0,0
2022/7/26 14:00,0,0,0,0,0,0,0,0,0,0,0,0,0,0,0,0,0,0,0,0
2022/7/26 15:00,0,0,0,0,0,0,0,0,0,0,0,0,0,0,0,0,0,0,0,0
2022/7/26 16:00,0,0,0,0,0,0,0,0,0,0,0,0,0,0,0,0,0,0,0,0
2022/7/26 17:00,0,0,0,0,0,0,0,0,0,0,0,0,0,0,0,0,0,0,0,0
2022/7/26 18:00,0,0,0,0,0,0,0,0,0,0,0,0,0,0,0,0,0,0,0,0
2022/7/26 19:00,0,0,0,0,0,0,0,0,0,0,0,0,0,0,0,0,0,0,0,0
2022/7/26 20:00,0,0,0,0,0,0,0,0,0,0,0,0,0,0,0,0,0,0,0,0
2022/7/26 21:00,0,0,0,0,0,0,0,0,0,0,0,0,0,0,0,0,0,0,0,0
2022/7/26 22:00,0,0,0,0,0,0,0,0,0,0,0,0,0,0,0,0,0,0,0,0
2022/7/26 23:00,0,0,0,0,0,0,0,0,0,0,0,0,0,0,0,0,0,0,0,0
2022/7/27 0:00,0,0,0,0,0,0,0,0,0,0,0,0,0,0,0,0,0,0,0,0
2022/7/27 1:00,0,0,0,0,0,0,0,0,0,0,0,0,0,0,0,0,0,0,0,0
2022/7/27 2:00,0,0,0,0,0,0,0,0,0,0,0,0,0,0,0,0,0,0,0,0
2022/7/27 3:00,0,0,0,0,0,0,0,0,0,0,0,0,0,0,0,0,0,0,0,0
2022/7/27 4:00,0,0,0,0,0,0,0,0,0,0,0,0,0,0,0,0,0,0,0,0
2022/7/27 5:00,0,0,0,0,0,0,0,0,0,0,0,0,0,0,0,0,0,0,0,0
2022/7/27 6:00,0,0,0,0,0,0,0,0,0,0,0,0,0,0,0,0,0,0,0,0
2022/7/27 7:00,0,0,0,0,0,0,0,0,0,0,0,0,0,0,0,0,0,0,0,0
2022/7/27 8:00,0,0,0,0,0,0,0,0,0,0,0,0,0,0,0,0,0,0,0,0
2022/7/27 9:00,0,0,0,0,0,0,0,0,0,0,0,0,0,0,0,0,0,0,0,0
2022/7/27 10:00,0,0,0,0,0,0,0,0,0,0,0,0,0,0,0,0,0,0,0,0
2022/7/27 11:00,0,0,0,0,0,0,0,0,0,0,0,0,0,0,0,0,0,0,0,0
2022/7/27 12:00,0,0,0,0,0,0,0,0,0,0,0,0,0,0,0,0,0,0,0,0
2022/7/27 13:00,0,0,0,0,0,0,0,0,0,0,0,0,0,0,0,0,0,0,0,0
2022/7/27 14:00,0,0,0,0,0,0,0,0,0,0,0,0,0,0,0,0,0,0,0,0
2022/7/27 15:00,0,0,0,0,0,0,0,0,0,0,0,0,0,0,0,0,0,0,0,0
2022/7/27 16:00,0,0,0,0,0,0,0,0,0,0,0,0,0,0,0,0,0,0,0,0
2022/7/27 17:00,0,0,0,0,0,0,0,0,0,0,0,0,0,0,0,0,0,0,0,0
2022/7/27 18:00,0,0,0,0,0,0,0,0,0,0,0,0,0,0,0,0,0,0,0,0
2022/7/27 19:00,0,0,0,0,0,0,0,0,0,0,0,0,0,0,0,0,0,0,0,0
2022/7/27 20:00,0,0,0,0,0,0,0,0,0,0,0,0,0,0,0,0,0,0,0,0
2022/7/27 21:00,0,0,0,0,0,0,0,0,0,0,0,0,0,0,0,0,0,0,0,0
2022/7/27 22:00,0,0,0,0,0,0,0,0,0,0,0,0,0,0,0,0,0,0,0,0
2022/7/27 23:00,0,0,0,0,0,0,0,0,0,0,0,0,0,0,0,0,0,0,0,0
2022/7/28 0:00,0,0,0,0,0,0,0,0,0,0,0,0,0,0,0,0,0,0,0,0
2022/8/21 1:00,0,0,0,0,0,0,0,0,0,0,0,0,0,0,0,0,0,0,0,0
2022/8/21 2:00,0,0,0,0,0,0,0,0,0,0,0,0,0,0,0,0,0,0,0,0
2022/8/21 3:00,0,0,0,0,0,0,0,0,0,0,0,0,0,0,0,0,0,0,0,0
2022/8/21 4:00,0,0,0,0,0,0,0,0,0,0,0,0,0,0,0,0,0,0,0,0
2022/8/21 5:00,0,0,0,0,0,0,0,0,0,0,0,0,0,0,0,0,0,0,0,0
2022/8/21 6:00,0,0,0,0,0,0,0,0,0,0,0,0,0,0,0,0,0,0,0,0
2022/8/21 7:00,0,0,0,0,0,0,0,0,0,0,0,0,0,0,0,0,0,0,0,0
2022/8/21 8:00,0,0,0,0,0,0,0,0,0,0,0,0,0,0,0,0,0,0,0,0
2022/8/21 9:00,0,0,0,0,0,0,0,0,0,0,0,0,0,0,0,0,0,0,0,0
2022/8/21 10:00,0,0,0,0,0,0,0,0,0,0,0,0,0,0,0,0,0,0,0,0
2022/8/21 11:00,0,0,0,0,0,0,0,0,0,0,0,0,0,0,0,0,0,0,0,0
2022/8/21 12:00,0,0,0,0,0,0,0,0,0,0,0,0,0,0,0,0,0,0,0,0
2022/8/21 13:00,0,0,0,0,0,0,0,0,0,0,0,0,0,0,0,0,0,0,0,0
2022/8/21 14:00,0,0,0,0,0,0,0,0,0,0,0,0,0,0,0,0,0,0,0,0
2022/8/21 15:00,0,0,0,0,0,0,0,0,0,0,0,0,0,0,0,0,0,0,0,0
2022/8/21 16:00,0,0,0,0,0,0,0,0,0,0,0,0,0,0,0,0,0,0,0,0
2022/8/21 17:00,0,0,0,0,0,0,0,0,0,0,0,0,0,0,0,0,0,0,0,0
2022/8/21 18:00,0,0,0,0,0,0,0,0,0,0,0,0,0,0,0,0,0,0,0,0
2022/8/21 19:00,0,0,0,0,0,0,0,0,0,0,0,0,0,0,0,0,0,0,0,0
2022/8/21 20:00,0,0,0,0,0,0,0,0,0,0,0,0,0,0,0,0,0,0,0,0
2022/8/21 21:00,0,0,0,0,0,0,0,0,0,0,0,0,0,0,0,0,0,0,0,0
2022/8/21 22:00,0,0,0,0,0,0,0,0,0,0,0,0,0,0,0,0,0,0,0,0
2022/8/21 23:00,0,0,0,0,0,0,0,0,0,0,0,0,0,0,0,0,0,0,0,0
2022/8/22 0:00,0,0,0,0,0,0,0,0,0,0,0,0,0,0,0,0,0,0,0,0
2022/8/22 1:00,0,0,0,0,0,0,0,0,0,0,0,0,0,0,0,0,0,0,0,0
2022/8/22 2:00,0,0,0,0,0,0,0,0,0,0,0,0,0,0,0,0,0,0,0,0
2022/8/22 3:00,0,0,0,0,0,0,0,0,0,0,0,0,0,0,0,0,0,0,0,0
2022/8/22 4:00,0,0,0,0,0,0,0,0,0,0,0,0,0,0,0,0,0,0,0,0
2022/8/22 5:00,0,0,0,0,0,0,0,0,0,0,0,0,0,0,0,0,0,0,0,0
2022/8/22 6:00,0,0,0,0,0,0,0,0,0,0,0,0,0,0,0,0,0,0,0,0
2022/8/22 7:00,0,0,0,0,0,0,0,0,0,0,0,0,0,0,0,0,0,0,0,0
2022/8/22 8:00,0,0,0,0,0,0,0,0,0,0,0,0,0,0,0,0,0,0,0,0
2022/8/22 9:00,0,0,0,0,0,0,0,0,0,0,0,0,0,0,0,0,0,0,0,0
2022/8/22 10:00,0,0,0,0,0,0,0,0,0,0,0,0,0,0,0,0,0,0,0,0
2022/8/22 11:00,0,0,0,0,0,0,0,0,0,0,0,0,0,0,0,0,0,0,0,0
2022/8/22 12:00,0,0,0,0,0,0,0,0,0,0,0,0,0,0,0,0,0,0,0,0
2022/8/22 13:00,0,0,0,0,0,0,0,0,0,0,0,0,0,0,0,0,0,0,0,0
2022/8/22 14:00,0,0,0,0,0,0,0,0,0,0,0,0,0,0,0,0,0,0,0,0
2022/8/22 15:00,0,0,0,0,0,0,0,0,0,0,0,0,0,0,0,0,0,0,0,0
2022/8/22 16:00,0,0,0,0,0,0,0,0,0,0,0,0,0,0,0,0,0,0,0,0
2022/8/22 17:00,0,0,0,0,0,0,0,0,0,0,0,0,0,0,0,0,0,0,0,0
2022/8/22 18:00,0,0,0,0,0,0,0,0,0,0,0,0,0,0,0,0,0,0,0,0
2022/8/22 19:00,0,0,0,0,0,0,0,0,0,0,0,0,0,0,0,0,0,0,0,0
2022/8/22 20:00,0,0,0,0,0,0,0,0,0,0,0,0,0,0,0,0,0,0,0,0
2022/8/22 21:00,0,0,0,0,0,0,0,0,0,0,0,0,0,0,0,0,0,0,0,0
2022/8/22 22:00,0,0,0,0,0,0,0,0,0,0,0,0,0,0,0,0,0,0,0,0
2022/8/22 23:00,0,0,0,0,0,0,0,0,0,0,0,0,0,0,0,0,0,0,0,0
2022/8/23 0:00,0,0,0,0,0,0,0,0,0,0,0,0,0,0,0,0,0,0,0,0
2022/8/23 1:00,0,0,0,0,0,0,0,0,0,0,0,0,0,0,0,0,0,0,0,0
2022/8/23 2:00,0,0,0,0,0,0,0,0,0,0,0,0,0,0,0,0,0,0,0,0
2022/8/23 3:00,0,0,0,0,0,0,0,0,0,0,0,0,0,0,0,0,0,0,0,0
2022/8/23 4:00,0,0,0,0,0,0,0,0,0,0,0,0,0,0,0,0,0,0,0,0
2022/8/23 5:00,0,0,0,0,0,0,0,0,0,0,0,0,0,0,0,0,0,0,0,0
2022/8/23 6:00,0,0,0,0,0,0,0,0,0,0,0,0,0,0,0,0,0,0,0,0
2022/8/23 7:00,0,0,0,0,0,0,0,0,0,0,0,0,0,0,0,0,0,0,0,0
2022/8/23 8:00,0,0,0,0,0,0,0,0,0,0,0,0,0,0,0,0,0,0,0,0
2022/8/23 9:00,0,0,0,0,0,0,0,0,0,0,0,0,0,0,0,0,0,0,0,0
2022/8/23 10:00,0,0,0,0,0,0,0,0,0,0,0,0,0,0,0,0,0,0,0,0
2022/8/23 11:00,0,0,0,0,0,0,0,0,0,0,0,0,0,0,0,0,0,0,0,0
2022/8/23 12:00,0,0,0,0,0,0,0,0,0,0,0,0,0,0,0,0,0,0,0,0
2022/8/23 13:00,0,0,0,0,0,0,0,0,0,0,0,0,0,0,0,0,0,0,0,0
2022/8/23 14:00,0,0,0,0,0,0,0,0,0,0,0,0,0,0,0,0,0,0,0,0
2022/8/23 15:00,0,0,0,0,0,0,0,0,0,0,0,0,0,0,0,0,0,0,0,0
2022/8/23 16:00,0,0,0,0,0,0,0,0,0,0,0,0,0,0,0,0,0,0,0,0
2022/8/23 17:00,0,0,0,0,0,0,0,0,0,0,0,0,0,0,0,0,0,0,0,0
2022/8/23 18:00,0,0,0,0,0,0,0,0,0,0,0,0,0,0,0,0,0,0,0,0
2022/8/23 19:00,0,0,0,0,0,0,0,0,0,0,0,0,0,0,0,0,0,0,0,0
2022/8/23 20:00,0,0,0,0,0,0,0,0,0,0,0,0,0,0,0,0,0,0,0,0
2022/8/23 21:00,0,0,0,0,0,0,0,0,0,0,0,0,0,0,0,0,0,0,0,0
2022/8/23 22:00,0,0,0,0,0,0,0,0,0,0,0,0,0,0,0,0,0,0,0,0
2022/8/23 23:00,0,0,0,0,0,0,0,0,0,0,0,0,0,0,0,0,0,0,0,0
2022/8/24 0:00,0,0,0,0,0,0,0,0,0,0,0,0,0,0,0,0,0,0,0,0
2022/8/24 1:00,0,0,0,0,0,0,0,0,0,0,0,0,0,0,0,0,0,0,0,0
2022/8/24 2:00,0,0,0,0,0,0,0,0,0,0,0,0,0,0,0,0,0,0,0,0
2022/8/24 3:00,0,0,0,0,0,0,0,0,0,0,0,0,0,0,0,0,0,0,0,0
2022/8/24 4:00,0,0,0,0,0,0,0,0,0,0,0,0,0,0,0,0,0,0,0,0
2022/8/24 5:00,0,0,0,0,0,0,0,0,0,0,0,0,0,0,0,0,0,0,0,0
2022/8/24 6:00,0,0,0,0,0,0,0,0,0,0,0,0,0,0,0,0,0,0,0,0
2022/8/24 7:00,0,0,0,0,0,0,0,0,0,0,0,0,0,0,0,0,0,0,0,0
2022/8/24 8:00,0,0,0,0,0,0,0,0,0,0,0,0,0,0,0,0,0,0,0,0
2022/8/24 9:00,0,0,0,0,0,0,0,0,0,0,0,0,0,0,0,0,0,0,0,0
2022/8/24 10:00,0,0,0,0,0,0,0,0,0,0,0,0,0,0,0,0,0,0,0,0
2022/8/24 11:00,0,0,0,0,0,0,0,0,0,0,0,0,0,0,0,0,0,0,0,0
2022/8/24 12:00,0,0,0,0,0,0,0,0,0,0,0,0,0,0,0,0,0,0,0,0
2022/8/24 13:00,0,0,0,0,0,0,0,0,0,0,0,0,0,0,0,0,0,0,0,0
2022/8/24 14:00,0,0,0,0,0,0,0,0,0,0,0,0,0,0,0,0,0,0,0,0
2022/8/24 15:00,0,0,0,0,0,0,0,0,0,0,0,0,0,0,0,0,0,0,0,0
2022/8/24 16:00,0,0,0,0,0,0,0,0,0,0,0,0,0,0,0,0,0,0,0,0
2022/8/24 17:00,0,0,0,0,0,0,0,0,0,0,0,0,0,0,0,0,0,0,0,0
2022/8/24 18:00,0,0,0,0,0,0,0,0,0,0,0,0,0,0,0,0,0,0,0,0
2022/8/24 19:00,0,0,0,0,0,0,0,0,0,0,0,0,0,0,0,0,0,0,0,0
2022/8/24 20:00,0,0,0,0,0,0,0,0,0,0,0,0,0,0,0,0,0,0,0,0
2022/8/24 21:00,0,0,0,0,0,0,0,0,0,0,0,0,0,0,0,0,0,0,0,0
2022/8/24 22:00,0,0,0,0,0,0,0,0,0,0,0,0,0,0,0,0,0,0,0,0
2022/8/24 23:00,0,0,0,0,0,0,0,0,0,0,0,0,0,0,0,0,0,0,0,0
2022/8/25 0:00,0,0,0,0,0,0,0,0,0,0,0,0,0,0,0,0,0,0,0,0
2022/8/25 1:00,0,0,0,0,0,0,0,0,0,0,0,0,0,0,0,0,0,0,0,0
2022/8/25 2:00,0,0,0,0,0,0,0,0,0,0,0,0,0,0,0,0,0,0,0,0
2022/8/25 3:00,0,0,0,0,0,0,0,0,0,0,0,0,0,0,0,0,0,0,0,0
2022/8/25 4:00,0,0,0,0,0,0,0,0,0,0,0,0,0,0,0,0,0,0,0,0
2022/8/25 5:00,0,0,0,0,0,0,0,0,0,0,0,0,0,0,0,0,0,0,0,0
2022/8/25 6:00,0,0,0,0,0,0,0,0,0,0,0,0,0,0,0,0,0,0,0,0
2022/8/25 7:00,0,0,0,0,0,0,0,0,0,0,0,0,0,0,0,0,0,0,0,0
2022/8/25 8:00,0,0,0,0,0,0,0,0,0,0,0,0,0,0,0,0,0,0,0,0
2022/8/25 9:00,0,0,0,0,0,0,0,0,0,0,0,0,0,0,0,0,0,0,0,0
2022/8/25 10:00,0,0,0,0,0,0,0,0,0,0,0,0,0,0,0,0,0,0,0,0
2022/8/25 11:00,0,0,0,0,0,0,0,0,0,0,0,0,0,0,0,0,0,0,0,0
2022/8/25 12:00,0,0,0,0,0,0,0,0,0,0,0,0,0,0,0,0,0,0,0,0
2022/8/25 13:00,0,0,0,0,0,0,0,0,0,0,0,0,0,0,0,0,0,0,0,0
2022/8/25 14:00,0,0,0,0,0,0,0,0,0,0,0,0,0,0,0,0,0,0,0,0
2022/8/25 15:00,0,0,0,0,0,0,0,0,0,0,0,0,0,0,0,0,0,0,0,0
2022/8/25 16:00,0,0,0,0,0,0,0,0,0,0,0,0,0,0,0,0,0,0,0,0
2022/8/25 17:00,0,0,0,0,0,0,0,0,0,0,0,0,0,0,0,0,0,0,0,0
2022/8/25 18:00,0,0,0,0,0,0,0,0,0,0,0,0,0,0,0,0,0,0,0,0
2022/8/25 19:00,0,0,0,0,0,0,0,0,0,0,0,0,0,0,0,0,0,0,0,0
2022/8/25 20:00,0,0,0,0,0,0,0,0,0,0,0,0,0,0,0,0,0,0,0,0
2022/8/25 21:00,0,0,0,0,0,0,0,0,0,0,0,0,0,0,0,0,0,0,0,0
2022/8/25 22:00,0,0,0,0,0,0,0,0,0,0,0,0,0,0,0,0,0,0,0,0
2022/8/25 23:00,0,0,0,0,0,0,0,0,0,0,0,0,0,0,0,0,0,0,0,0
2022/8/26 0:00,0,0,0,0,0,0,0,0,0,0,0,0,0,0,0,0,0,0,0,0
2022/8/26 1:00,0,0,0,0,0,0,0,0,0,0,0,0,0,0,0,0,0,0,0,0
2022/8/26 2:00,0,0,0,0,0,0,0,0,0,0,0,0,0,0,0,0,0,0,0,0
2022/8/26 3:00,0,0,0,0,0,0,0,0,0,0,0,0,0,0,0,0,0,0,0,0
2022/8/26 4:00,0,0,0,0,0,0,0,0,0,0,0,0,0,0,0,0,0,0,0,0
2022/8/26 5:00,0,0,0,0,0,0,0,0,0,0,0,0,0,0,0,0,0,0,0,0
2022/8/26 6:00,0,0,0,0,0,0,0,0,0,0,0,0,0,0,0,0,0,0,0,0
2022/8/26 7:00,0,0,0,0,0,0,0,0,0,0,0,0,0,0,0,0,0,0,0,0
2022/8/26 8:00,0,0,0,0,0,0,0,0,0,0,0,0,0,0,0,0,0,0,0,0
2022/8/26 9:00,0,0,0,0,0,0,0,0,0,0,0,0,0,0,0,0,0,0,0,0
2022/8/26 10:00,0,0,0,0,0,0,0,0,0,0,0,0,0,0,0,0,0,0,0,0
2022/8/26 11:00,0,0,0,0,0,0,0,0,0,0,0,0,0,0,0,0,0,0,0,0
2022/8/26 12:00,0,0,0,0,0,0,0,0,0,0,0,0,0,0,0,0,0,0,0,0
2022/8/26 13:00,0,0,0,0,0,0,0,0,0,0,0,0,0,0,0,0,0,0,0,0
2022/8/26 14:00,0,0,0,0,0,0,0,0,0,0,0,0,0,0,0,0,0,0,0,0
2022/8/26 15:00,0,0,0,0,0,0,0,0,0,0,0,0,0,0,0,0,0,0,0,0
2022/8/26 16:00,0,0,0,0,0,0,0,0,0,0,0,0,0,0,0,0,0,0,0,0
2022/8/26 17:00,0,0,0,0,0,0,0,0,0,0,0,0,0,0,0,0,0,0,0,0
2022/8/26 18:00,0,0,0,0,0,0,0,0,0,0,0,0,0,0,0,0,0,0,0,0
2022/8/26 19:00,0,0,0,0,0,0,0,0,0,0,0,0,0,0,0,0,0,0,0,0
2022/8/26 20:00,0,0,0,0,0,0,0,0,0,0,0,0,0,0,0,0,0,0,0,0
2022/8/26 21:00,0,0,0,0,0,0,0,0,0,0,0,0,0,0,0,0,0,0,0,0
2022/8/26 22:00,0,0,0,0,0,0,0,0,0,0,0,0,0,0,0,0,0,0,0,0
2022/8/26 23:00,0,0,0,0,0,0,0,0,0,0,0,0,0,0,0,0,0,0,0,0
2022/8/27 0:00,0,0,0,0,0,0,0,0,0,0,0,0,0,0,0,0,0,0,0,0
2022/8/27 1:00,0,0,0,0,0,0,0,0,0,0,0,0,0,0,0,0,0,0,0,0
2022/8/27 2:00,0,0,0,0,0,0,0,0,0,0,0,0,0,0,0,0,0,0,0,0
2022/8/27 3:00,0,0,0,0,0,0,0,0,0,0,0,0,0,0,0,0,0,0,0,0
2022/8/27 4:00,0,0,0,0,0,0,0,0,0,0,0,0,0,0,0,0,0,0,0,0
2022/8/27 5:00,0,0,0,0,0,0,0,0,0,0,0,0,0,0,0,0,0,0,0,0
2022/8/27 6:00,0,0,0,0,0,0,0,0,0,0,0,0,0,0,0,0,0,0,0,0
2022/8/27 7:00,0,0,0,0,0,0,0,0,0,0,0,0,0,0,0,0,0,0,0,0
2022/8/27 8:00,0,0,0,0,0,0,0,0,0,0,0,0,0,0,0,0,0,0,0,0
2022/8/27 9:00,0,0,0,0,0,0,0,0,0,0,0,0,0,0,0,0,0,0,0,0
2022/8/27 10:00,0,0,0,0,0,0,0,0,0,0,0,0,0,0,0,0,0,0,0,0
2022/8/27 11:00,0,0,0,0,0,0,0,0,0,0,0,0,0,0,0,0,0,0,0,0
2022/8/27 12:00,0,0,0,0,0,0,0,0,0,0,0,0,0,0,0,0,0,0,0,0
2022/8/27 13:00,0,0,0,0,0,0,0,0,0,0,0,0,0,0,0,0,0,0,0,0
2022/8/27 14:00,0,0,0,0,0,0,0,0,0,0,0,0,0,0,0,0,0,0,0,0
2022/8/27 15:00,0,0,0,0,0,0,0,0,0,0,0,0,0,0,0,0,0,0,0,0
2022/8/27 16:00,0,0,0,0,0,0,0,0,0,0,0,0,0,0,0,0,0,0,0,0
2022/8/27 17:00,0,0,0,0,0,0,0,0,0,0,0,0,0,0,0,0,0,0,0,0
2022/8/27 18:00,0,0,0,0,0,0,0,0,0,0,0,0,0,0,0,0,0,0,0,0
2022/8/27 19:00,0,0,0,0,0,0,0,0,0,0,0,0,0,0,0,0,0,0,0,0
2022/8/27 20:00,0,0,0,0,0,0,0,0,0,0,0,0,0,0,0,0,0,0,0,0
2022/8/27 21:00,0,0,0,0,0,0,0,0,0,0,0,0,0,0,0,0,0,0,0,0
2022/8/27 22:00,0,0,0,0,0,0,0,0,0,0,0,0,0,0,0,0,0,0,0,0
2022/8/27 23:00,0,0,0,0,0,0,0,0,0,0,0,0,0,0,0,0,0,0,0,0
2022/8/28 0:00,0,0,0,0,0,0,0,0,0,0,0,0,0,0,0,0,0,0,0,0
